date,balls,powerball
"2020-06-17T14:00:00.000Z","7,14,17,22,24,28,32",1
"2020-06-10T14:00:00.000Z","1,14,17,22,26,28,33",9
"2020-06-03T14:00:00.000Z","1,5,10,12,17,20,27",13
"2020-05-27T14:00:00.000Z","9,10,21,24,25,30,32",19
"2020-05-20T14:00:00.000Z","7,8,9,18,23,30,32",4
"2020-05-13T14:00:00.000Z","3,4,8,22,23,24,31",15
"2020-05-06T14:00:00.000Z","9,12,16,23,26,29,35",10
"2020-04-29T14:00:00.000Z","6,9,17,25,28,32,34",10
"2020-04-22T14:00:00.000Z","3,6,7,14,18,32,35",2
"2020-04-15T14:00:00.000Z","8,12,15,18,19,24,25",18
"2020-04-08T14:00:00.000Z","2,4,12,18,19,27,34",11
"2020-04-01T13:00:00.000Z","1,3,14,17,19,22,26",18
"2020-03-25T13:00:00.000Z","1,12,14,16,21,27,29",7
"2020-03-18T13:00:00.000Z","1,10,11,12,18,20,27",20
"2020-03-11T13:00:00.000Z","10,17,19,20,26,28,33",2
"2020-03-04T13:00:00.000Z","10,16,23,24,27,28,33",12
"2020-02-26T13:00:00.000Z","1,9,16,17,22,24,31",2
"2020-02-19T13:00:00.000Z","1,3,12,13,21,26,31",19
"2020-02-12T13:00:00.000Z","2,5,7,14,25,29,32",3
"2020-02-05T13:00:00.000Z","1,2,3,11,15,26,35",17
"2020-01-29T13:00:00.000Z","5,8,9,17,20,22,35",16
"2020-01-22T13:00:00.000Z","4,5,10,13,23,27,28",4
"2020-01-15T13:00:00.000Z","7,14,16,20,21,25,28",11
"2020-01-08T13:00:00.000Z","3,4,7,9,24,29,31",2
"2020-01-01T13:00:00.000Z","2,3,9,21,25,27,35",4
"2019-12-25T13:00:00.000Z","7,9,12,17,23,26,27",2
"2019-12-18T13:00:00.000Z","4,8,9,10,11,29,32",18
"2019-12-11T13:00:00.000Z","9,11,15,16,18,28,35",9
"2019-12-04T13:00:00.000Z","14,19,20,27,29,30,32",6
"2019-11-27T13:00:00.000Z","4,12,18,20,21,23,30",1
"2019-11-20T13:00:00.000Z","1,2,3,12,13,23,25",1
"2019-11-13T13:00:00.000Z","8,10,20,24,26,28,32",6
"2019-11-06T13:00:00.000Z","3,7,10,12,13,21,33",4
"2019-10-30T13:00:00.000Z","9,10,16,18,22,29,33",8
"2019-10-23T13:00:00.000Z","1,7,11,12,19,24,30",7
"2019-10-16T13:00:00.000Z","2,6,7,9,21,22,25",12
"2019-10-09T13:00:00.000Z","3,6,11,16,27,28,35",10
"2019-10-02T14:00:00.000Z","2,11,15,20,22,25,29",3
"2019-09-25T14:00:00.000Z","9,22,25,26,27,30,33",19
"2019-09-18T14:00:00.000Z","4,5,8,17,18,26,31",9
"2019-09-11T14:00:00.000Z","10,11,20,27,28,30,31",2
"2019-09-04T14:00:00.000Z","2,4,14,16,19,27,29",13
"2019-08-28T14:00:00.000Z","8,9,11,20,22,27,32",20
"2019-08-21T14:00:00.000Z","3,7,10,11,17,26,35",19
"2019-08-14T14:00:00.000Z","7,14,21,24,27,30,35",13
"2019-08-07T14:00:00.000Z","1,5,11,16,17,29,30",8
"2019-07-31T14:00:00.000Z","9,15,22,23,25,30,35",6
"2019-07-24T14:00:00.000Z","1,3,9,11,22,23,24",4
"2019-07-17T14:00:00.000Z","1,6,11,13,16,23,27",11
"2019-07-10T14:00:00.000Z","6,7,8,21,27,28,34",16
"2019-07-03T14:00:00.000Z","2,15,20,21,22,27,28",3
"2019-06-26T14:00:00.000Z","2,7,17,21,27,32,35",7
"2019-06-19T14:00:00.000Z","4,10,14,16,17,19,34",13
"2019-06-12T14:00:00.000Z","1,5,8,11,17,23,25",3
"2019-06-05T14:00:00.000Z","2,7,8,11,31,33,35",20
"2019-05-29T14:00:00.000Z","4,10,14,17,22,31,34",7
"2019-05-22T14:00:00.000Z","6,7,10,16,17,20,30",4
"2019-05-15T14:00:00.000Z","1,11,13,17,24,34,35",19
"2019-05-08T14:00:00.000Z","5,15,17,18,19,26,29",2
"2019-05-01T14:00:00.000Z","2,4,6,8,9,11,33",4
"2019-04-24T14:00:00.000Z","2,5,9,11,23,25,33",6
"2019-04-17T14:00:00.000Z","1,2,4,11,17,21,30",2
"2019-04-10T14:00:00.000Z","8,15,18,19,20,22,32",9
"2019-04-03T13:00:00.000Z","2,12,14,16,21,25,33",4
"2019-03-27T13:00:00.000Z","4,5,25,26,27,30,34",18
"2019-03-20T13:00:00.000Z","3,14,20,27,29,30,31",7
"2019-03-13T13:00:00.000Z","2,5,8,17,20,24,27",6
"2019-03-06T13:00:00.000Z","4,6,9,13,20,23,27",2
"2019-02-27T13:00:00.000Z","2,4,5,7,11,13,14",14
"2019-02-20T13:00:00.000Z","3,4,12,16,21,25,27",8
"2019-02-13T13:00:00.000Z","3,6,10,11,21,23,34",5
"2019-02-06T13:00:00.000Z","6,11,17,20,22,24,32",19
"2019-01-30T13:00:00.000Z","10,19,22,28,29,31,34",10
"2019-01-23T13:00:00.000Z","2,8,17,19,23,29,35",3
"2019-01-16T13:00:00.000Z","4,11,18,20,22,26,33",9
"2019-01-09T13:00:00.000Z","3,7,10,24,28,31,34",14
"2019-01-02T13:00:00.000Z","7,8,11,12,19,25,33",13
"2018-12-26T13:00:00.000Z","5,7,8,9,17,18,29",19
"2018-12-19T13:00:00.000Z","5,9,13,19,20,24,32",15
"2018-12-12T13:00:00.000Z","7,8,15,24,26,28,35",13
"2018-12-05T13:00:00.000Z","3,5,6,14,20,26,33",19
"2018-11-28T13:00:00.000Z","3,5,17,20,22,29,33",12
"2018-11-21T13:00:00.000Z","3,14,17,28,29,33,34",17
"2018-11-14T13:00:00.000Z","2,7,16,18,23,25,29",20
"2018-11-07T13:00:00.000Z","12,15,17,23,29,30,35",10
"2018-10-31T13:00:00.000Z","4,8,11,17,24,30,35",3
"2018-10-24T13:00:00.000Z","9,11,13,25,26,28,29",12
"2018-10-17T13:00:00.000Z","7,10,17,25,29,33,35",5
"2018-10-10T13:00:00.000Z","13,20,21,23,27,30,32",13
"2018-10-03T14:00:00.000Z","3,11,21,22,24,28,32",7
"2018-09-26T14:00:00.000Z","5,10,15,19,21,22,30",3
"2018-09-19T14:00:00.000Z","2,6,8,10,17,20,30",8
"2018-09-12T14:00:00.000Z","1,2,17,19,22,34,35",11
"2018-09-05T14:00:00.000Z","7,14,18,21,23,25,27",20
"2018-08-29T14:00:00.000Z","13,15,19,20,22,28,32",20
"2018-08-22T14:00:00.000Z","2,6,9,14,18,28,29",11
"2018-08-15T14:00:00.000Z","3,13,27,31,32,33,35",3
"2018-08-08T14:00:00.000Z","4,5,10,12,13,18,34",19
"2018-08-01T14:00:00.000Z","1,3,9,17,22,32,34",19
"2018-07-25T14:00:00.000Z","1,7,8,22,28,31,32",15
"2018-07-18T14:00:00.000Z","2,4,22,23,24,25,29",17
"2018-07-11T14:00:00.000Z","4,16,18,23,25,31,32",5
"2018-07-04T14:00:00.000Z","7,20,23,29,32,33,34",16
"2018-06-27T14:00:00.000Z","2,4,7,17,25,28,34",3
"2018-06-20T14:00:00.000Z","2,5,9,13,24,31,35",16
"2018-06-13T14:00:00.000Z","2,6,7,14,16,29,31",15
"2018-06-06T14:00:00.000Z","14,22,23,24,30,32,34",9
"2018-05-30T14:00:00.000Z","8,9,18,27,29,30,32",6
"2018-05-23T14:00:00.000Z","2,12,14,18,19,23,25",17
"2018-05-16T14:00:00.000Z","3,9,16,25,26,31,34",9
"2018-05-09T14:00:00.000Z","6,14,15,24,26,32,35",14
"2018-05-02T14:00:00.000Z","1,3,6,16,19,20,24",13
"2018-04-25T14:00:00.000Z","9,14,15,19,24,34,35",12
"2018-04-18T14:00:00.000Z","4,5,9,13,25,32,33",7
"2018-04-11T14:00:00.000Z","14,16,18,31,32,33",17
"2018-04-04T14:00:00.000Z","5,8,18,22,23,25",10
"2018-03-28T13:00:00.000Z","4,7,8,10,14,16",10
"2018-03-21T13:00:00.000Z","10,17,22,30,35,40",7
"2018-03-14T13:00:00.000Z","1,6,9,18,21,34",15
"2018-03-07T13:00:00.000Z","4,12,22,26,29,37",11
"2018-02-28T13:00:00.000Z","8,16,17,24,30,39",8
"2018-02-21T13:00:00.000Z","11,14,15,16,19,38",8
"2018-02-14T13:00:00.000Z","5,6,12,25,36,37",7
"2018-02-07T13:00:00.000Z","7,10,12,23,33,38",16
"2018-01-31T13:00:00.000Z","20,24,26,27,35,38",3
"2018-01-24T13:00:00.000Z","1,10,13,23,24,40",13
"2018-01-17T13:00:00.000Z","3,8,13,19,35,36",6
"2018-01-10T13:00:00.000Z","5,7,11,32,34,38",12
"2018-01-03T13:00:00.000Z","8,15,19,20,23,24",5
"2017-12-27T13:00:00.000Z","12,28,29,34,35,37",7
"2017-12-20T13:00:00.000Z","7,10,15,27,32,33",9
"2017-12-13T13:00:00.000Z","19,22,28,30,31,40",6
"2017-12-06T13:00:00.000Z","8,11,23,26,34,39",13
"2017-11-29T13:00:00.000Z","21,22,26,31,35,38",10
"2017-11-22T13:00:00.000Z","17,27,33,35,36,39",7
"2017-11-15T13:00:00.000Z","3,6,11,18,33,36",5
"2017-11-08T13:00:00.000Z","15,18,20,27,29,38",20
"2017-11-01T13:00:00.000Z","3,4,23,30,32,33",4
"2017-10-25T13:00:00.000Z","4,15,23,29,34,39",5
"2017-10-18T13:00:00.000Z","8,9,11,17,31,34",16
"2017-10-11T13:00:00.000Z","1,11,15,28,30,32",20
"2017-10-04T13:00:00.000Z","6,7,17,19,33,38",17
"2017-09-27T14:00:00.000Z","1,6,13,14,25,32",7
"2017-09-20T14:00:00.000Z","2,10,17,23,25,26",5
"2017-09-13T14:00:00.000Z","15,25,26,30,31,37",18
"2017-09-06T14:00:00.000Z","3,11,14,24,28,35",3
"2017-08-30T14:00:00.000Z","14,22,25,34,36,38",10
"2017-08-23T14:00:00.000Z","3,6,9,13,30,35",20
"2017-08-16T14:00:00.000Z","4,5,12,26,32,38",6
"2017-08-09T14:00:00.000Z","1,6,8,16,17,20",1
"2017-08-02T14:00:00.000Z","6,9,19,22,30,38",10
"2017-07-26T14:00:00.000Z","4,15,23,27,31,36",16
"2017-07-19T14:00:00.000Z","5,14,15,22,23,25",9
"2017-07-12T14:00:00.000Z","1,9,12,24,28,30",9
"2017-07-05T14:00:00.000Z","10,11,13,19,22,38",20
"2017-06-28T14:00:00.000Z","2,3,5,9,12,19",9
"2017-06-21T14:00:00.000Z","12,17,25,35,36,40",17
"2017-06-14T14:00:00.000Z","6,23,24,28,31,38",12
"2017-06-07T14:00:00.000Z","6,7,10,17,20,25",15
"2017-05-31T14:00:00.000Z","18,19,24,29,32,37",12
"2017-05-24T14:00:00.000Z","4,24,27,32,35,39",13
"2017-05-17T14:00:00.000Z","6,10,17,27,35,39",12
"2017-05-10T14:00:00.000Z","10,19,21,23,26,36",10
"2017-05-03T14:00:00.000Z","4,5,10,15,17,25",2
"2017-04-26T14:00:00.000Z","19,20,24,30,36,38",3
"2017-04-19T14:00:00.000Z","7,13,19,22,27,30",8
"2017-04-12T14:00:00.000Z","1,5,23,26,33,34",10
"2017-04-05T14:00:00.000Z","6,7,17,31,32,34",5
"2017-03-29T13:00:00.000Z","1,5,7,19,28,30",6
"2017-03-22T13:00:00.000Z","5,7,17,31,34,40",18
"2017-03-15T13:00:00.000Z","13,22,27,30,34,40",17
"2017-03-08T13:00:00.000Z","6,9,19,26,27,29",15
"2017-03-01T13:00:00.000Z","9,25,30,34,36,40",11
"2017-02-22T13:00:00.000Z","1,15,16,20,26,29",12
"2017-02-15T13:00:00.000Z","15,22,24,25,26,29",16
"2017-02-08T13:00:00.000Z","11,16,21,23,31,33",2
"2017-02-01T13:00:00.000Z","20,23,28,31,35,40",3
"2017-01-25T13:00:00.000Z","6,8,23,36,38,40",2
"2017-01-18T13:00:00.000Z","10,22,31,32,33,35",19
"2017-01-11T13:00:00.000Z","4,11,14,26,29,36",17
"2017-01-04T13:00:00.000Z","6,8,23,31,36,39",15
"2016-12-28T13:00:00.000Z","3,4,6,24,25,31",13
"2016-12-21T13:00:00.000Z","4,10,16,26,29,39",18
"2016-12-14T13:00:00.000Z","8,13,22,30,36,37",11
"2016-12-07T13:00:00.000Z","3,5,13,20,37,38",14
"2016-11-30T13:00:00.000Z","9,12,23,34,37,38",7
"2016-11-23T13:00:00.000Z","5,12,13,18,25,40",5
"2016-11-16T13:00:00.000Z","4,10,16,24,34,40",11
"2016-11-09T13:00:00.000Z","7,19,23,26,30,37",5
"2016-11-02T13:00:00.000Z","8,22,23,26,35,40",6
"2016-10-26T13:00:00.000Z","2,16,17,21,36,38",7
"2016-10-19T13:00:00.000Z","5,8,12,22,25,34",17
"2016-10-12T13:00:00.000Z","2,6,8,13,31,36",15
"2016-10-05T13:00:00.000Z","9,12,21,32,33,37",18
"2016-09-28T14:00:00.000Z","4,8,18,28,36,39",18
"2016-09-21T14:00:00.000Z","14,16,20,23,28,33",11
"2016-09-14T14:00:00.000Z","2,12,13,27,29,32",12
"2016-09-07T14:00:00.000Z","9,10,17,25,28,31",2
"2016-08-31T14:00:00.000Z","3,11,13,14,18,22",9
"2016-08-24T14:00:00.000Z","12,22,24,25,32,39",11
"2016-08-17T14:00:00.000Z","3,9,18,33,37,40",8
"2016-08-10T14:00:00.000Z","4,7,12,17,24,35",4
"2016-08-03T14:00:00.000Z","3,8,16,17,24,38",5
"2016-07-27T14:00:00.000Z","1,5,21,24,32,36",20
"2016-07-20T14:00:00.000Z","9,12,14,22,30,36",3
"2016-07-13T14:00:00.000Z","6,8,13,26,30,31",1
"2016-07-06T14:00:00.000Z","4,9,14,22,23,32",19
"2016-06-29T14:00:00.000Z","1,4,13,14,31,33",12
"2016-06-22T14:00:00.000Z","8,10,17,35,36,40",13
"2016-06-15T14:00:00.000Z","3,11,17,24,29,37",3
"2016-06-08T14:00:00.000Z","5,7,13,24,31,38",8
"2016-06-01T14:00:00.000Z","2,10,19,25,31,39",6
"2016-05-25T14:00:00.000Z","5,8,15,29,31,35",9
"2016-05-18T14:00:00.000Z","7,11,22,24,26,29",20
"2016-05-11T14:00:00.000Z","8,10,18,19,26,36",5
"2016-05-04T14:00:00.000Z","1,2,11,20,25,38",5
"2016-04-27T14:00:00.000Z","2,8,9,20,24,31",1
"2016-04-20T14:00:00.000Z","8,12,18,19,26,33",6
"2016-04-13T14:00:00.000Z","4,5,7,20,32,40",14
"2016-04-06T14:00:00.000Z","3,5,15,20,34,35",13
"2016-03-30T13:00:00.000Z","19,20,23,31,32,34",11
"2016-03-23T13:00:00.000Z","2,7,16,17,25,32",14
"2016-03-16T13:00:00.000Z","6,7,15,29,34,36",19
"2016-03-09T13:00:00.000Z","4,6,20,22,31,33",18
"2016-03-02T13:00:00.000Z","9,19,20,25,27,32",5
"2016-02-24T13:00:00.000Z","9,13,14,15,32,38",2
"2016-02-17T13:00:00.000Z","9,12,16,18,20,29",17
"2016-02-10T13:00:00.000Z","1,8,21,22,30,33",5
"2016-02-03T13:00:00.000Z","6,10,17,18,20,36",2
"2016-01-27T13:00:00.000Z","2,9,17,29,31,33",9
"2016-01-20T13:00:00.000Z","19,20,22,23,26,36",14
"2016-01-13T13:00:00.000Z","12,19,23,34,36,37",20
"2016-01-06T13:00:00.000Z","4,14,18,20,23,34",18
"2015-12-30T13:00:00.000Z","17,20,26,33,34,37",17
"2015-12-23T13:00:00.000Z","1,8,15,26,32,38",19
"2015-12-16T13:00:00.000Z","2,7,9,23,32,40",9
"2015-12-09T13:00:00.000Z","10,14,17,18,28,35",9
"2015-12-02T13:00:00.000Z","2,7,11,19,21,25",16
"2015-11-25T13:00:00.000Z","3,4,8,17,19,33",9
"2015-11-18T13:00:00.000Z","2,5,13,16,23,38",18
"2015-11-11T13:00:00.000Z","1,3,15,19,26,35",18
"2015-11-04T13:00:00.000Z","13,17,19,20,24,31",19
"2015-10-28T13:00:00.000Z","4,10,23,24,26,34",5
"2015-10-21T13:00:00.000Z","9,12,18,31,35,38",10
"2015-10-14T13:00:00.000Z","6,7,13,20,23,29",18
"2015-10-07T13:00:00.000Z","5,6,13,20,27,35",3
"2015-09-30T14:00:00.000Z","3,5,16,17,27,40",18
"2015-09-23T14:00:00.000Z","7,15,16,21,34,39",5
"2015-09-16T14:00:00.000Z","7,16,21,38,39,40",10
"2015-09-09T14:00:00.000Z","11,12,15,24,29,38",15
"2015-09-02T14:00:00.000Z","3,15,21,30,32,33",17
"2015-08-26T14:00:00.000Z","2,5,6,11,23,28",14
"2015-08-19T14:00:00.000Z","2,3,17,19,20,33",1
"2015-08-12T14:00:00.000Z","1,5,11,12,26,39",14
"2015-08-05T14:00:00.000Z","5,7,16,17,25,26",17
"2015-07-29T14:00:00.000Z","1,3,7,20,21,36",19
"2015-07-22T14:00:00.000Z","3,9,21,25,27,32",18
"2015-07-15T14:00:00.000Z","2,5,11,18,25,39",2
"2015-07-08T14:00:00.000Z","2,17,19,24,27,35",11
"2015-07-01T14:00:00.000Z","7,17,23,26,37,39",12
"2015-06-24T14:00:00.000Z","1,4,24,25,26,37",19
"2015-06-17T14:00:00.000Z","10,15,22,25,34,37",19
"2015-06-10T14:00:00.000Z","14,16,17,18,32,35",1
"2015-06-03T14:00:00.000Z","3,4,8,16,21,33",8
"2015-05-27T14:00:00.000Z","25,26,29,31,37,39",2
"2015-05-20T14:00:00.000Z","6,13,14,31,35,40",16
"2015-05-13T14:00:00.000Z","5,13,27,29,31,38",1
"2015-05-06T14:00:00.000Z","10,19,20,22,32,33",12
"2015-04-29T14:00:00.000Z","6,15,18,24,35,37",15
"2015-04-22T14:00:00.000Z","2,9,25,27,32,34",8
"2015-04-15T14:00:00.000Z","6,8,18,25,27,29",2
"2015-04-08T14:00:00.000Z","6,9,17,23,30,37",11
"2015-04-01T13:00:00.000Z","5,9,11,23,24,33",13
"2015-03-25T13:00:00.000Z","1,10,15,19,25,35",18
"2015-03-18T13:00:00.000Z","7,8,14,18,24,35",15
"2015-03-11T13:00:00.000Z","4,6,8,23,32,40",1
"2015-03-04T13:00:00.000Z","2,4,6,23,28,32",7
"2015-02-25T13:00:00.000Z","5,8,18,19,22,36",9
"2015-02-18T13:00:00.000Z","3,4,7,27,36,38",11
"2015-02-11T13:00:00.000Z","1,3,5,11,28,39",10
"2015-02-04T13:00:00.000Z","16,21,22,29,31,36",13
"2015-01-28T13:00:00.000Z","3,6,18,32,35,37",2
"2015-01-21T13:00:00.000Z","13,17,22,25,38,40",2
"2015-01-14T13:00:00.000Z","5,13,20,26,31,37",3
"2015-01-07T13:00:00.000Z","2,10,15,32,34,37",5
"2014-12-31T13:00:00.000Z","18,24,25,27,32,34",6
"2014-12-24T13:00:00.000Z","13,16,19,31,32,38",5
"2014-12-17T13:00:00.000Z","14,24,33,35,36,38",2
"2014-12-10T13:00:00.000Z","7,9,20,31,32,36",19
"2014-12-03T13:00:00.000Z","4,5,6,8,36,39",8
"2014-11-26T13:00:00.000Z","3,5,10,22,32,37",13
"2014-11-19T13:00:00.000Z","7,24,25,26,36,37",12
"2014-11-12T13:00:00.000Z","4,5,7,14,19,28",18
"2014-11-05T13:00:00.000Z","5,12,21,27,29,39",19
"2014-10-29T13:00:00.000Z","1,4,6,15,30,36",5
"2014-10-22T13:00:00.000Z","13,19,22,24,30,39",11
"2014-10-15T13:00:00.000Z","4,9,13,18,26,34",3
"2014-10-08T13:00:00.000Z","2,24,25,26,29,35",8
"2014-10-01T14:00:00.000Z","13,17,18,23,25,27",1
"2014-09-24T14:00:00.000Z","9,19,27,31,32,40",1
"2014-09-17T14:00:00.000Z","3,10,11,16,34,35",4
"2014-09-10T14:00:00.000Z","4,16,18,30,39,40",19
"2014-09-03T14:00:00.000Z","2,17,18,24,25,26",6
"2014-08-27T14:00:00.000Z","9,11,14,23,26,28",11
"2014-08-20T14:00:00.000Z","5,7,8,19,32,40",12
"2014-08-13T14:00:00.000Z","1,8,12,26,31,38",6
"2014-08-06T14:00:00.000Z","7,12,26,27,31,32",12
"2014-07-30T14:00:00.000Z","5,16,23,24,31,37",15
"2014-07-23T14:00:00.000Z","1,8,11,15,21,31",20
"2014-07-16T14:00:00.000Z","1,6,9,31,38,39",10
"2014-07-09T14:00:00.000Z","10,13,15,20,21,33",2
"2014-07-02T14:00:00.000Z","26,27,28,31,36,38",15
"2014-06-25T14:00:00.000Z","2,9,10,20,32,33",7
"2014-06-18T14:00:00.000Z","17,26,30,32,35,40",19
"2014-06-11T14:00:00.000Z","6,19,24,29,32,39",7
"2014-06-04T14:00:00.000Z","3,6,11,14,17,35",4
"2014-05-28T14:00:00.000Z","2,14,15,21,22,32",15
"2014-05-21T14:00:00.000Z","3,4,6,12,13,20",1
"2014-05-14T14:00:00.000Z","8,30,32,34,35,36",4
"2014-05-07T14:00:00.000Z","7,8,13,21,28,34",4
"2014-04-30T14:00:00.000Z","5,21,28,33,36,37",2
"2014-04-23T14:00:00.000Z","8,15,19,21,33,36",3
"2014-04-16T14:00:00.000Z","8,11,16,20,23,29",9
"2014-04-09T14:00:00.000Z","21,22,29,36,38,39",12
"2014-04-02T13:00:00.000Z","16,18,27,28,29,32",2
"2014-03-26T13:00:00.000Z","2,15,19,21,34,39",10
"2014-03-19T13:00:00.000Z","11,20,22,27,34,39",6
"2014-03-12T13:00:00.000Z","3,4,9,31,37,38",6
"2014-03-05T13:00:00.000Z","20,21,24,26,28,38",15
"2014-02-26T13:00:00.000Z","1,14,18,22,30,34",17
"2014-02-19T13:00:00.000Z","4,6,25,26,29,40",18
"2014-02-12T13:00:00.000Z","6,8,11,13,24,34",7
"2014-02-05T13:00:00.000Z","3,5,7,10,13,22",15
"2014-01-29T13:00:00.000Z","9,13,14,15,29,32",17
"2014-01-22T13:00:00.000Z","7,9,14,24,28,31",11
"2014-01-15T13:00:00.000Z","19,26,27,33,34,37",20
"2014-01-08T13:00:00.000Z","14,18,19,20,24,29",11
"2014-01-01T13:00:00.000Z","4,8,13,29,36,38",3
"2013-12-25T13:00:00.000Z","3,7,16,25,35,39",13
"2013-12-18T13:00:00.000Z","10,11,12,30,32,35",10
"2013-12-11T13:00:00.000Z","16,24,33,37,39,40",1
"2013-12-04T13:00:00.000Z","4,6,11,16,21,37",3
"2013-11-27T13:00:00.000Z","12,18,20,22,23,37",5
"2013-11-20T13:00:00.000Z","1,10,16,19,27,34",10
"2013-11-13T13:00:00.000Z","5,8,15,16,18,29",19
"2013-11-06T13:00:00.000Z","9,13,14,25,27,34",15
"2013-10-30T13:00:00.000Z","4,13,17,28,34,36",19
"2013-10-23T13:00:00.000Z","2,12,14,20,30,38",15
"2013-10-16T13:00:00.000Z","4,8,12,13,19,30",2
"2013-10-09T13:00:00.000Z","4,13,19,27,32,39",16
"2013-10-02T14:00:00.000Z","9,10,18,30,31,33",10
"2013-09-25T14:00:00.000Z","7,9,12,17,23,40",8
"2013-09-18T14:00:00.000Z","4,7,9,19,20,29",12
"2013-09-11T14:00:00.000Z","5,15,22,29,36,40",4
"2013-09-04T14:00:00.000Z","2,10,12,14,16,20",8
"2013-08-28T14:00:00.000Z","3,4,6,29,34,39",7
"2013-08-21T14:00:00.000Z","6,10,15,24,32,37",11
"2013-08-14T14:00:00.000Z","3,9,12,14,23,27",12
"2013-08-07T14:00:00.000Z","1,8,20,22,23,25",12
"2013-07-31T14:00:00.000Z","4,16,18,23,24,29",8
"2013-07-24T14:00:00.000Z","6,7,20,23,28,40",15
"2013-07-17T14:00:00.000Z","15,26,29,30,32,36",4
"2013-07-10T14:00:00.000Z","9,10,15,21,35,38",9
"2013-07-03T14:00:00.000Z","1,8,14,16,17,23",11
"2013-06-26T14:00:00.000Z","3,4,10,25,28,32",9
"2013-06-19T14:00:00.000Z","5,8,17,19,33,37",14
"2013-06-12T14:00:00.000Z","11,12,13,24,25,38",7
"2013-06-05T14:00:00.000Z","5,14,16,20,26,29",8
"2013-05-29T14:00:00.000Z","10,19,26,29,34,37",16
"2013-05-22T14:00:00.000Z","1,6,10,14,26,27",7
"2013-05-15T14:00:00.000Z","4,23,24,26,31,40",13
"2013-05-08T14:00:00.000Z","2,4,23,26,30,33",4
"2013-05-01T14:00:00.000Z","4,10,23,34,37,39",20
"2013-04-24T14:00:00.000Z","4,13,17,18,22,26",20
"2013-04-17T14:00:00.000Z","20,25,29,32,33,34",2
"2013-04-10T14:00:00.000Z","4,7,24,28,35,40",12
"2013-04-03T13:00:00.000Z","7,21,34,35,38,39",5
"2013-03-27T13:00:00.000Z","2,5,21,26,27,28",19
"2013-03-20T13:00:00.000Z","3,22,26,32,34,38",18
"2013-03-13T13:00:00.000Z","5,9,23,30,35,37",18
"2013-03-06T13:00:00.000Z","8,16,19,25,26,29",5
"2013-02-27T13:00:00.000Z","3,5,14,24,44",5
"2013-02-20T13:00:00.000Z","9,28,31,38,45",19
"2013-02-13T13:00:00.000Z","1,17,31,32,40",16
"2013-02-06T13:00:00.000Z","5,15,23,33,44",27
"2013-01-30T13:00:00.000Z","4,14,23,24,33",16
"2013-01-23T13:00:00.000Z","9,11,14,28,30",37
"2013-01-16T13:00:00.000Z","16,22,25,35,37",24
"2013-01-09T13:00:00.000Z","7,8,13,25,29",37
"2013-01-02T13:00:00.000Z","23,24,26,30,35",32
"2012-12-26T13:00:00.000Z","5,7,8,19,20",10
"2012-12-19T13:00:00.000Z","11,18,23,29,30",24
"2012-12-12T13:00:00.000Z","11,13,18,30,36",45
"2012-12-05T13:00:00.000Z","5,19,21,27,33",3
"2012-11-28T13:00:00.000Z","3,10,19,35,38",25
"2012-11-21T13:00:00.000Z","2,6,11,17,20",21
"2012-11-14T13:00:00.000Z","8,16,24,25,37",5
"2012-11-07T13:00:00.000Z","2,3,21,22,32",45
"2012-10-31T13:00:00.000Z","6,12,16,25,28",10
"2012-10-24T13:00:00.000Z","13,18,30,38,42",8
"2012-10-17T13:00:00.000Z","7,8,21,30,31",29
"2012-10-10T13:00:00.000Z","2,14,21,29,39",28
"2012-10-03T14:00:00.000Z","20,26,41,44,45",9
"2012-09-26T14:00:00.000Z","2,16,24,31,41",11
"2012-09-19T14:00:00.000Z","6,15,22,26,40",13
"2012-09-12T14:00:00.000Z","7,10,30,43,44",35
"2012-09-05T14:00:00.000Z","13,16,18,26,28",24
"2012-08-29T14:00:00.000Z","6,11,13,25,35",3
"2012-08-22T14:00:00.000Z","8,9,10,13,22",8
"2012-08-15T14:00:00.000Z","7,15,23,28,30",35
"2012-08-08T14:00:00.000Z","7,28,32,35,38",42
"2012-08-01T14:00:00.000Z","2,7,17,25,28",26
"2012-07-25T14:00:00.000Z","7,28,31,32,33",44
"2012-07-18T14:00:00.000Z","6,12,31,36,42",31
"2012-07-11T14:00:00.000Z","3,8,20,28,36",11
"2012-07-04T14:00:00.000Z","16,18,26,37,42",14
"2012-06-27T14:00:00.000Z","11,18,19,23,36",37
"2012-06-20T14:00:00.000Z","5,23,28,33,39",32
"2012-06-13T14:00:00.000Z","12,15,23,27,29",1
"2012-06-06T14:00:00.000Z","3,10,16,24,26",19
"2012-05-30T14:00:00.000Z","1,5,10,12,27",29
"2012-05-23T14:00:00.000Z","4,18,22,27,34",32
"2012-05-16T14:00:00.000Z","14,29,35,42,44",11
"2012-05-09T14:00:00.000Z","3,6,18,29,37",9
"2012-05-02T14:00:00.000Z","1,2,8,19,29",13
"2012-04-25T14:00:00.000Z","14,15,23,32,38",12
"2012-04-18T14:00:00.000Z","5,7,14,18,42",23
"2012-04-11T14:00:00.000Z","11,12,18,20,32",24
"2012-04-04T14:00:00.000Z","20,22,36,37,39",44
"2012-03-28T13:00:00.000Z","3,4,6,9,41",20
"2012-03-21T13:00:00.000Z","2,5,10,29,45",3
"2012-03-14T13:00:00.000Z","13,20,23,24,37",25
"2012-03-07T13:00:00.000Z","6,17,18,29,33",7
"2012-02-29T13:00:00.000Z","37,38,39,42,43",27
"2012-02-22T13:00:00.000Z","2,10,14,15,34",27
"2012-02-15T13:00:00.000Z","2,5,31,41,43",26
"2012-02-08T13:00:00.000Z","9,19,35,37,39",14
"2012-02-01T13:00:00.000Z","9,13,29,37,42",29
"2012-01-25T13:00:00.000Z","5,13,14,17,23",1
"2012-01-18T13:00:00.000Z","3,7,9,22,30",29
"2012-01-11T13:00:00.000Z","12,19,23,42,45",42
"2012-01-04T13:00:00.000Z","4,12,20,32,39",4
"2011-12-28T13:00:00.000Z","2,4,16,31,34",26
"2011-12-21T13:00:00.000Z","2,9,17,30,39",27
"2011-12-14T13:00:00.000Z","16,23,38,41,45",45
"2011-12-07T13:00:00.000Z","20,26,28,36,39",6
"2011-11-30T13:00:00.000Z","2,13,30,41,44",5
"2011-11-23T13:00:00.000Z","4,11,19,41,43",17
"2011-11-16T13:00:00.000Z","4,6,16,20,25",18
"2011-11-09T13:00:00.000Z","5,25,30,31,37",33
"2011-11-02T13:00:00.000Z","2,5,18,22,44",9
"2011-10-26T13:00:00.000Z","6,13,18,35,40",7
"2011-10-19T13:00:00.000Z","8,11,14,27,30",22
"2011-10-12T13:00:00.000Z","1,12,14,17,24",8
"2011-10-05T13:00:00.000Z","6,7,22,23,28",22
"2011-09-28T14:00:00.000Z","2,33,36,44,45",18
"2011-09-21T14:00:00.000Z","5,11,22,37,45",45
"2011-09-14T14:00:00.000Z","5,10,31,36,37",41
"2011-09-07T14:00:00.000Z","3,22,24,25,32",10
"2011-08-31T14:00:00.000Z","3,23,32,33,36",38
"2011-08-24T14:00:00.000Z","14,21,27,28,44",43
"2011-08-17T14:00:00.000Z","1,12,21,28,36",24
"2011-08-10T14:00:00.000Z","1,8,19,42,45",1
"2011-08-03T14:00:00.000Z","8,13,31,34,42",9
"2011-07-27T14:00:00.000Z","8,13,26,28,34",23
"2011-07-20T14:00:00.000Z","4,5,22,30,32",20
"2011-07-13T14:00:00.000Z","2,10,16,36,44",15
"2011-07-06T14:00:00.000Z","4,13,19,24,41",7
"2011-06-29T14:00:00.000Z","8,22,32,39,43",6
"2011-06-22T14:00:00.000Z","6,16,17,23,33",36
"2011-06-15T14:00:00.000Z","4,12,14,17,43",25
"2011-06-08T14:00:00.000Z","7,10,13,25,38",1
"2011-06-01T14:00:00.000Z","12,23,36,44,45",45
"2011-05-25T14:00:00.000Z","8,9,15,23,41",11
"2011-05-18T14:00:00.000Z","4,14,17,31,40",7
"2011-05-11T14:00:00.000Z","2,7,8,16,26",1
"2011-05-04T14:00:00.000Z","2,27,31,32,40",25
"2011-04-27T14:00:00.000Z","6,15,21,23,28",27
"2011-04-20T14:00:00.000Z","13,17,29,38,43",24
"2011-04-13T14:00:00.000Z","1,27,32,37,43",28
"2011-04-06T14:00:00.000Z","2,5,13,14,42",14
"2011-03-30T13:00:00.000Z","2,12,14,30,34",9
"2011-03-23T13:00:00.000Z","10,21,35,39,43",23
"2011-03-16T13:00:00.000Z","2,5,7,28,34",6
"2011-03-09T13:00:00.000Z","2,11,18,23,27",22
"2011-03-02T13:00:00.000Z","6,30,34,37,38",41
"2011-02-23T13:00:00.000Z","4,11,21,25,43",16
"2011-02-16T13:00:00.000Z","5,7,8,21,28",32
"2011-02-09T13:00:00.000Z","19,31,36,41,45",25
"2011-02-02T13:00:00.000Z","4,7,8,30,43",28
"2011-01-26T13:00:00.000Z","10,14,23,27,31",40
"2011-01-19T13:00:00.000Z","1,5,22,37,42",40
"2011-01-12T13:00:00.000Z","22,24,34,42,44",36
"2011-01-05T13:00:00.000Z","1,15,33,34,41",1
"2010-12-29T13:00:00.000Z","4,5,25,35,37",39
"2010-12-22T13:00:00.000Z","3,14,19,33,44",13
"2010-12-15T13:00:00.000Z","7,21,24,32,36",9
"2010-12-08T13:00:00.000Z","19,21,24,38,43",40
"2010-12-01T13:00:00.000Z","3,11,14,27,31",27
"2010-11-24T13:00:00.000Z","10,28,36,37,40",22
"2010-11-17T13:00:00.000Z","2,20,22,34,38",5
"2010-11-10T13:00:00.000Z","1,5,7,11,24",25
"2010-11-03T13:00:00.000Z","1,10,29,31,38",3
"2010-10-27T13:00:00.000Z","3,6,8,22,34",3
"2010-10-20T13:00:00.000Z","5,17,19,30,35",13
"2010-10-13T13:00:00.000Z","3,19,27,35,41",12
"2010-10-06T13:00:00.000Z","5,16,17,25,44",22
"2010-09-29T14:00:00.000Z","2,4,15,24,30",8
"2010-09-22T14:00:00.000Z","1,4,24,25,35",36
"2010-09-15T14:00:00.000Z","6,15,17,26,44",27
"2010-09-08T14:00:00.000Z","7,12,17,33,35",12
"2010-09-01T14:00:00.000Z","23,26,36,39,45",24
"2010-08-25T14:00:00.000Z","7,17,27,37,41",34
"2010-08-18T14:00:00.000Z","3,5,29,40,41",38
"2010-08-11T14:00:00.000Z","3,13,18,21,29",9
"2010-08-04T14:00:00.000Z","2,13,18,31,41",29
"2010-07-28T14:00:00.000Z","14,27,42,44,45",26
"2010-07-21T14:00:00.000Z","26,31,32,39,40",7
"2010-07-14T14:00:00.000Z","5,17,39,40,43",41
"2010-07-07T14:00:00.000Z","16,27,32,38,45",28
"2010-06-30T14:00:00.000Z","11,14,15,16,29",37
"2010-06-23T14:00:00.000Z","12,19,20,33,42",8
"2010-06-16T14:00:00.000Z","28,31,32,33,43",32
"2010-06-09T14:00:00.000Z","2,11,22,28,37",43
"2010-06-02T14:00:00.000Z","4,6,7,13,39",17
"2010-05-26T14:00:00.000Z","10,18,19,22,25",21
"2010-05-19T14:00:00.000Z","7,21,25,33,42",36
"2010-05-12T14:00:00.000Z","4,26,30,32,33",28
"2010-05-05T14:00:00.000Z","8,17,21,24,42",25
"2010-04-28T14:00:00.000Z","13,15,20,44,45",11
"2010-04-21T14:00:00.000Z","1,11,13,35,37",17
"2010-04-14T14:00:00.000Z","1,2,3,33,35",32
"2010-04-07T14:00:00.000Z","10,13,18,29,45",16
"2010-03-31T13:00:00.000Z","8,21,24,40,41",12
"2010-03-24T13:00:00.000Z","2,3,29,31,35",26
"2010-03-17T13:00:00.000Z","11,17,31,32,40",34
"2010-03-10T13:00:00.000Z","15,17,36,41,42",27
"2010-03-03T13:00:00.000Z","7,11,12,25,29",21
"2010-02-24T13:00:00.000Z","1,24,32,33,37",37
"2010-02-17T13:00:00.000Z","23,36,37,38,39",43
"2010-02-10T13:00:00.000Z","2,11,21,32,40",22
"2010-02-03T13:00:00.000Z","5,16,29,35,36",34
"2010-01-27T13:00:00.000Z","14,16,21,28,38",34
"2010-01-20T13:00:00.000Z","4,8,20,42,44",23
"2010-01-13T13:00:00.000Z","13,16,27,31,44",19
"2010-01-06T13:00:00.000Z","4,8,30,31,35",27
"2009-12-30T13:00:00.000Z","3,6,14,33,36",36
"2009-12-23T13:00:00.000Z","6,7,33,35,39",5
"2009-12-16T13:00:00.000Z","8,21,37,43,44",17
"2009-12-09T13:00:00.000Z","4,24,29,42,44",39
"2009-12-02T13:00:00.000Z","4,18,22,29,32",32
"2009-11-25T13:00:00.000Z","19,23,35,39,41",33
"2009-11-18T13:00:00.000Z","17,27,30,32,37",6
"2009-11-11T13:00:00.000Z","2,5,11,15,22",18
"2009-11-04T13:00:00.000Z","2,4,5,13,38",15
"2009-10-28T13:00:00.000Z","2,10,11,20,45",45
"2009-10-21T13:00:00.000Z","9,11,25,30,35",42
"2009-10-14T13:00:00.000Z","9,14,18,36,45",43
"2009-10-07T13:00:00.000Z","4,24,26,28,29",10
"2009-09-30T14:00:00.000Z","8,13,17,26,37",17
"2009-09-23T14:00:00.000Z","1,9,28,33,37",17
"2009-09-16T14:00:00.000Z","18,22,23,32,41",4
"2009-09-09T14:00:00.000Z","1,7,10,15,38",43
"2009-09-02T14:00:00.000Z","15,26,31,38,42",31
"2009-08-26T14:00:00.000Z","6,7,20,29,30",29
"2009-08-19T14:00:00.000Z","1,6,14,34,42",32
"2009-08-12T14:00:00.000Z","5,11,23,28,30",34
"2009-08-05T14:00:00.000Z","1,21,22,36,45",6
"2009-07-29T14:00:00.000Z","13,15,17,21,45",37
"2009-07-22T14:00:00.000Z","2,7,12,17,18",43
"2009-07-15T14:00:00.000Z","11,17,20,31,40",20
"2009-07-08T14:00:00.000Z","6,9,33,34,39",41
"2009-07-01T14:00:00.000Z","20,21,26,34,44",15
"2009-06-24T14:00:00.000Z","12,23,25,42,43",35
"2009-06-17T14:00:00.000Z","1,2,28,32,45",21
"2009-06-10T14:00:00.000Z","2,5,20,29,44",6
"2009-06-03T14:00:00.000Z","3,13,14,30,33",6
"2009-05-27T14:00:00.000Z","9,15,18,29,33",24
"2009-05-20T14:00:00.000Z","5,10,22,35,43",32
"2009-05-13T14:00:00.000Z","6,13,17,34,41",24
"2009-05-06T14:00:00.000Z","16,18,37,38,39",9
"2009-04-29T14:00:00.000Z","13,21,25,29,45",28
"2009-04-22T14:00:00.000Z","1,11,15,19,32",14
"2009-04-15T14:00:00.000Z","24,27,32,41,45",13
"2009-04-08T14:00:00.000Z","11,13,26,31,37",6
"2009-04-01T13:00:00.000Z","15,22,35,39,44",28
"2009-03-25T13:00:00.000Z","13,15,16,29,42",37
"2009-03-18T13:00:00.000Z","9,14,20,21,37",21
"2009-03-11T13:00:00.000Z","3,11,16,35,44",44
"2009-03-04T13:00:00.000Z","10,18,19,22,36",19
"2009-02-25T13:00:00.000Z","6,19,36,40,44",44
"2009-02-18T13:00:00.000Z","1,19,30,36,44",8
"2009-02-11T13:00:00.000Z","10,37,39,41,43",23
"2009-02-04T13:00:00.000Z","1,8,22,23,42",32
"2009-01-28T13:00:00.000Z","8,18,19,24,26",24
"2009-01-21T13:00:00.000Z","4,11,12,13,35",1
"2009-01-14T13:00:00.000Z","6,24,33,35,41",23
"2009-01-07T13:00:00.000Z","4,14,21,33,43",34
"2008-12-31T13:00:00.000Z","14,21,36,39,40",39
"2008-12-24T13:00:00.000Z","1,2,3,8,9",26
"2008-12-17T13:00:00.000Z","21,26,33,36,37",38
"2008-12-10T13:00:00.000Z","6,10,22,23,34",33
"2008-12-03T13:00:00.000Z","7,9,12,16,42",24
"2008-11-26T13:00:00.000Z","13,25,36,39,41",16
"2008-11-19T13:00:00.000Z","3,24,31,40,44",10
"2008-11-12T13:00:00.000Z","5,6,16,25,34",31
"2008-11-05T13:00:00.000Z","1,15,20,36,37",43
"2008-10-29T13:00:00.000Z","7,23,26,32,43",17
"2008-10-22T13:00:00.000Z","6,18,20,37,42",3
"2008-10-15T13:00:00.000Z","1,6,34,37,38",22
"2008-10-08T13:00:00.000Z","2,25,30,36,40",28
"2008-10-01T14:00:00.000Z","13,27,34,40,43",25
"2008-09-24T14:00:00.000Z","6,13,17,23,40",18
"2008-09-17T14:00:00.000Z","2,13,29,30,38",17
"2008-09-10T14:00:00.000Z","3,4,9,22,26",10
"2008-09-03T14:00:00.000Z","3,8,11,12,32",21
"2008-08-27T14:00:00.000Z","5,9,17,18,21",41
"2008-08-20T14:00:00.000Z","7,18,21,28,43",37
"2008-08-13T14:00:00.000Z","8,10,14,18,39",27
"2008-08-06T14:00:00.000Z","8,22,23,30,34",30
"2008-07-30T14:00:00.000Z","5,21,35,40,43",8
"2008-07-23T14:00:00.000Z","3,11,22,23,31",18
"2008-07-16T14:00:00.000Z","5,18,32,37,42",18
"2008-07-09T14:00:00.000Z","3,16,18,30,34",15
"2008-07-02T14:00:00.000Z","2,13,27,33,36",16
"2008-06-25T14:00:00.000Z","10,12,13,24,33",21
"2008-06-18T14:00:00.000Z","19,21,31,41,44",18
"2008-06-11T14:00:00.000Z","7,10,13,42,45",42
"2008-06-04T14:00:00.000Z","2,5,11,21,38",33
"2008-05-28T14:00:00.000Z","4,5,6,8,38",7
"2008-05-21T14:00:00.000Z","11,14,31,33,42",13
"2008-05-14T14:00:00.000Z","1,6,13,20,29",42
"2008-05-07T14:00:00.000Z","7,14,17,34,38",21
"2008-04-30T14:00:00.000Z","3,8,9,26,28",44
"2008-04-23T14:00:00.000Z","10,15,16,24,38",12
"2008-04-16T14:00:00.000Z","7,8,14,35,40",26
"2008-04-09T14:00:00.000Z","8,16,17,22,40",5
"2008-04-02T13:00:00.000Z","21,22,28,32,37",28
"2008-03-26T13:00:00.000Z","16,30,40,41,42",30
"2008-03-19T13:00:00.000Z","1,8,16,24,32",13
"2008-03-12T13:00:00.000Z","12,17,19,25,42",26
"2008-03-05T13:00:00.000Z","3,11,19,26,39",42
"2008-02-27T13:00:00.000Z","5,16,26,35,44",44
"2008-02-20T13:00:00.000Z","15,18,27,34,44",28
"2008-02-13T13:00:00.000Z","9,14,19,22,37",3
"2008-02-06T13:00:00.000Z","1,13,16,21,45",36
"2008-01-30T13:00:00.000Z","4,9,34,39,40",43
"2008-01-23T13:00:00.000Z","25,32,35,37,40",13
"2008-01-16T13:00:00.000Z","2,17,42,43,44",39
"2008-01-09T13:00:00.000Z","3,14,23,30,40",20
"2008-01-02T13:00:00.000Z","1,2,15,34,36",8
"2007-12-26T13:00:00.000Z","14,22,38,41,44",6
"2007-12-19T13:00:00.000Z","18,22,28,33,37",14
"2007-12-12T13:00:00.000Z","3,11,16,20,25",37
"2007-12-05T13:00:00.000Z","20,22,25,36,44",3
"2007-11-28T13:00:00.000Z","2,3,14,30,39",2
"2007-11-21T13:00:00.000Z","2,3,20,36,37",29
"2007-11-14T13:00:00.000Z","10,25,27,39,41",8
"2007-11-07T13:00:00.000Z","15,28,30,38,45",1
"2007-10-31T13:00:00.000Z","5,20,22,24,34",39
"2007-10-24T14:00:00.000Z","7,23,31,40,41",35
"2007-10-17T14:00:00.000Z","4,6,38,39,41",23
"2007-10-10T14:00:00.000Z","11,18,22,29,39",21
"2007-10-03T14:00:00.000Z","8,17,22,36,39",20
"2007-09-26T14:00:00.000Z","1,13,17,22,31",21
"2007-09-19T14:00:00.000Z","12,18,36,42,45",13
"2007-09-12T14:00:00.000Z","5,8,25,28,29",39
"2007-09-05T14:00:00.000Z","8,13,15,24,25",22
"2007-08-29T14:00:00.000Z","1,7,19,33,40",36
"2007-08-22T14:00:00.000Z","3,14,20,22,38",29
"2007-08-15T14:00:00.000Z","9,23,28,29,31",21
"2007-08-08T14:00:00.000Z","8,18,24,41,45",29
"2007-08-01T14:00:00.000Z","7,13,19,22,24",44
"2007-07-25T14:00:00.000Z","2,8,26,40,42",14
"2007-07-18T14:00:00.000Z","18,32,37,40,44",29
"2007-07-11T14:00:00.000Z","6,22,31,38,39",35
"2007-07-04T14:00:00.000Z","19,22,24,25,45",5
"2007-06-27T14:00:00.000Z","14,18,22,38,40",40
"2007-06-20T14:00:00.000Z","11,15,23,29,34",8
"2007-06-13T14:00:00.000Z","7,14,20,28,32",14
"2007-06-06T14:00:00.000Z","3,16,21,26,31",42
"2007-05-30T14:00:00.000Z","4,14,21,31,33",24
"2007-05-23T14:00:00.000Z","24,33,34,36,38",43
"2007-05-16T14:00:00.000Z","2,5,18,19,32",14
"2007-05-09T14:00:00.000Z","27,34,39,41,44",5
"2007-05-02T14:00:00.000Z","8,27,29,36,43",23
"2007-04-25T14:00:00.000Z","17,22,24,26,43",7
"2007-04-18T14:00:00.000Z","15,17,19,23,25",22
"2007-04-11T14:00:00.000Z","2,11,14,33,38",32
"2007-04-04T14:00:00.000Z","2,9,12,14,22",19
"2007-03-28T14:00:00.000Z","5,18,22,23,31",4
"2007-03-21T13:00:00.000Z","2,21,22,26,30",33
"2007-03-14T13:00:00.000Z","1,22,30,38,41",5
"2007-03-07T13:00:00.000Z","5,30,32,34,45",16
"2007-02-28T13:00:00.000Z","5,7,21,32,34",7
"2007-02-21T13:00:00.000Z","10,16,17,26,34",19
"2007-02-14T13:00:00.000Z","17,24,28,29,33",26
"2007-02-07T13:00:00.000Z","1,26,28,40,41",17
"2007-01-31T13:00:00.000Z","7,12,27,32,39",38
"2007-01-24T13:00:00.000Z","7,13,15,26,27",29
"2007-01-17T13:00:00.000Z","5,14,17,27,43",29
"2007-01-10T13:00:00.000Z","5,18,38,39,43",36
"2007-01-03T13:00:00.000Z","18,19,31,32,43",28
"2006-12-27T13:00:00.000Z","13,16,30,33,41",44
"2006-12-20T13:00:00.000Z","14,28,30,34,37",15
"2006-12-13T13:00:00.000Z","4,18,27,28,30",34
"2006-12-06T13:00:00.000Z","5,7,15,19,25",30
"2006-11-29T13:00:00.000Z","3,10,21,34,44",44
"2006-11-22T13:00:00.000Z","5,8,11,24,31",27
"2006-11-15T13:00:00.000Z","4,19,20,43,44",28
"2006-11-08T13:00:00.000Z","23,29,40,42,44",31
"2006-11-01T13:00:00.000Z","1,31,38,39,45",32
"2006-10-25T14:00:00.000Z","10,12,22,29,31",32
"2006-10-18T14:00:00.000Z","4,5,7,12,23",29
"2006-10-11T14:00:00.000Z","18,32,37,39,44",45
"2006-10-04T14:00:00.000Z","1,13,20,39,44",23
"2006-09-27T14:00:00.000Z","11,23,29,40,43",24
"2006-09-20T14:00:00.000Z","6,23,34,36,42",11
"2006-09-13T14:00:00.000Z","4,5,16,24,28",36
"2006-09-06T14:00:00.000Z","6,10,24,34,45",36
"2006-08-30T14:00:00.000Z","5,11,26,34,44",9
"2006-08-23T14:00:00.000Z","10,24,30,31,38",11
"2006-08-16T14:00:00.000Z","9,10,18,28,31",15
"2006-08-09T14:00:00.000Z","5,9,21,37,43",3
"2006-08-02T14:00:00.000Z","20,24,27,30,35",4
"2006-07-26T14:00:00.000Z","8,11,12,15,27",14
"2006-07-19T14:00:00.000Z","1,2,3,21,38",4
"2006-07-12T14:00:00.000Z","14,16,21,22,36",1
"2006-07-05T14:00:00.000Z","1,8,15,16,22",34
"2006-06-28T14:00:00.000Z","29,31,33,36,38",10
"2006-06-21T14:00:00.000Z","1,21,23,34,36",7
"2006-06-14T14:00:00.000Z","21,23,30,40,42",2
"2006-06-07T14:00:00.000Z","5,6,23,29,45",25
"2006-05-31T14:00:00.000Z","13,21,29,37,41",39
"2006-05-24T14:00:00.000Z","16,27,33,40,43",33
"2006-05-17T14:00:00.000Z","6,12,13,15,45",32
"2006-05-10T14:00:00.000Z","1,10,11,18,31",45
"2006-05-03T14:00:00.000Z","1,12,16,27,30",24
"2006-04-26T14:00:00.000Z","27,35,37,39,42",41
"2006-04-19T14:00:00.000Z","5,7,11,21,26",14
"2006-04-12T14:00:00.000Z","2,12,30,32,39",8
"2006-04-05T14:00:00.000Z","1,2,13,38,45",4
"2006-03-29T13:00:00.000Z","17,24,32,33,41",17
"2006-03-22T13:00:00.000Z","2,12,13,24,34",13
"2006-03-15T13:00:00.000Z","4,8,13,40,44",17
"2006-03-08T13:00:00.000Z","9,19,32,34,39",42
"2006-03-01T13:00:00.000Z","8,36,40,42,43",16
"2006-02-22T13:00:00.000Z","2,9,22,25,42",40
"2006-02-15T13:00:00.000Z","10,18,22,28,31",17
"2006-02-08T13:00:00.000Z","11,21,33,38,41",22
"2006-02-01T13:00:00.000Z","1,4,6,13,36",34
"2006-01-25T13:00:00.000Z","2,21,36,40,42",2
"2006-01-18T13:00:00.000Z","23,29,30,35,43",35
"2006-01-11T13:00:00.000Z","15,31,37,42,44",23
"2006-01-04T13:00:00.000Z","6,13,15,39,41",17
"2005-12-28T13:00:00.000Z","1,3,30,36,40",20
"2005-12-21T13:00:00.000Z","2,10,31,35,36",15
"2005-12-14T13:00:00.000Z","9,10,12,34,45",34
"2005-12-07T13:00:00.000Z","5,7,11,34,39",9
"2005-11-30T13:00:00.000Z","1,2,5,10,17",34
"2005-11-23T13:00:00.000Z","3,8,25,39,41",13
"2005-11-16T13:00:00.000Z","3,7,9,18,36",7
"2005-11-09T13:00:00.000Z","11,12,25,38,42",39
"2005-11-02T13:00:00.000Z","2,4,15,25,40",29
"2005-10-26T14:00:00.000Z","13,22,27,38,42",39
"2005-10-19T14:00:00.000Z","1,2,26,30,40",21
"2005-10-12T14:00:00.000Z","15,19,26,33,37",12
"2005-10-05T14:00:00.000Z","4,11,29,32,41",1
"2005-09-28T14:00:00.000Z","7,10,13,28,31",15
"2005-09-21T14:00:00.000Z","26,36,38,40,45",24
"2005-09-14T14:00:00.000Z","9,32,38,40,41",24
"2005-09-07T14:00:00.000Z","18,22,24,31,36",31
"2005-08-31T14:00:00.000Z","8,19,22,29,37",36
"2005-08-24T14:00:00.000Z","13,14,22,34,42",28
"2005-08-17T14:00:00.000Z","6,7,18,31,44",3
"2005-08-10T14:00:00.000Z","3,8,19,38,44",27
"2005-08-03T14:00:00.000Z","10,12,17,37,44",4
"2005-07-27T14:00:00.000Z","8,15,19,30,42",5
"2005-07-20T14:00:00.000Z","10,22,35,36,39",14
"2005-07-13T14:00:00.000Z","12,24,37,38,41",9
"2005-07-06T14:00:00.000Z","12,22,26,31,42",19
"2005-06-29T14:00:00.000Z","2,5,13,36,43",37
"2005-06-22T14:00:00.000Z","6,23,27,33,41",28
"2005-06-15T14:00:00.000Z","2,6,14,22,41",22
"2005-06-08T14:00:00.000Z","7,24,30,34,37",41
"2005-06-01T14:00:00.000Z","11,24,27,30,43",1
"2005-05-25T14:00:00.000Z","4,16,18,28,33",16
"2005-05-18T14:00:00.000Z","14,15,29,33,42",45
"2005-05-11T14:00:00.000Z","11,16,30,43,45",7
"2005-05-04T14:00:00.000Z","6,7,40,42,45",15
"2005-04-27T14:00:00.000Z","12,13,21,28,29",28
"2005-04-20T14:00:00.000Z","5,6,14,41,45",7
"2005-04-13T14:00:00.000Z","14,23,35,39,41",9
"2005-04-06T14:00:00.000Z","9,10,19,34,38",7
"2005-03-30T14:00:00.000Z","24,25,32,37,42",10
"2005-03-23T13:00:00.000Z","1,11,25,34,42",38
"2005-03-16T13:00:00.000Z","7,13,27,28,36",2
"2005-03-09T13:00:00.000Z","6,27,28,40,43",25
"2005-03-02T13:00:00.000Z","5,6,14,16,35",38
"2005-02-23T13:00:00.000Z","7,18,27,30,44",14
"2005-02-16T13:00:00.000Z","10,12,17,19,45",41
"2005-02-09T13:00:00.000Z","6,7,8,39,45",27
"2005-02-02T13:00:00.000Z","5,9,13,17,22",7
"2005-01-26T13:00:00.000Z","6,19,22,33,36",15
"2005-01-19T13:00:00.000Z","15,27,30,36,42",3
"2005-01-12T13:00:00.000Z","2,19,28,34,38",1
"2005-01-05T13:00:00.000Z","3,24,29,34,39",15
"2004-12-29T13:00:00.000Z","2,16,31,40,45",44
"2004-12-22T13:00:00.000Z","3,7,11,33,34",21
"2004-12-15T13:00:00.000Z","1,8,35,39,40",32
"2004-12-08T13:00:00.000Z","11,18,20,34,39",32
"2004-12-01T13:00:00.000Z","8,10,16,21,44",38
"2004-11-24T13:00:00.000Z","18,27,31,33,41",39
"2004-11-17T13:00:00.000Z","1,9,11,29,40",33
"2004-11-10T13:00:00.000Z","5,11,27,28,35",12
"2004-11-03T13:00:00.000Z","1,6,8,41,44",43
"2004-10-27T14:00:00.000Z","12,18,20,21,29",38
"2004-10-20T14:00:00.000Z","1,5,19,22,36",11
"2004-10-13T14:00:00.000Z","17,18,32,35,40",2
"2004-10-06T14:00:00.000Z","1,2,5,35,43",10
"2004-09-29T14:00:00.000Z","1,7,23,30,32",22
"2004-09-22T14:00:00.000Z","16,21,24,33,38",31
"2004-09-15T14:00:00.000Z","14,26,28,42,43",6
"2004-09-08T14:00:00.000Z","16,29,30,34,44",3
"2004-09-01T14:00:00.000Z","22,25,26,37,40",5
"2004-08-25T14:00:00.000Z","20,23,26,31,39",2
"2004-08-18T14:00:00.000Z","14,18,29,32,43",9
"2004-08-11T14:00:00.000Z","2,14,29,39,42",30
"2004-08-04T14:00:00.000Z","2,11,20,27,39",43
"2004-07-28T14:00:00.000Z","5,8,9,19,28",16
"2004-07-21T14:00:00.000Z","1,10,21,35,37",29
"2004-07-14T14:00:00.000Z","4,9,20,37,40",44
"2004-07-07T14:00:00.000Z","11,12,19,25,30",17
"2004-06-30T14:00:00.000Z","12,15,21,29,30",29
"2004-06-23T14:00:00.000Z","11,18,36,41,45",37
"2004-06-16T14:00:00.000Z","2,13,16,21,32",6
"2004-06-09T14:00:00.000Z","15,17,19,25,34",30
"2004-06-02T14:00:00.000Z","4,11,17,22,36",14
"2004-05-26T14:00:00.000Z","3,8,9,24,42",18
"2004-05-19T14:00:00.000Z","9,15,29,31,39",25
"2004-05-12T14:00:00.000Z","7,23,25,36,45",33
"2004-05-05T14:00:00.000Z","11,14,20,26,42",31
"2004-04-28T14:00:00.000Z","7,9,17,30,33",45
"2004-04-21T14:00:00.000Z","5,9,28,32,34",6
"2004-04-14T14:00:00.000Z","4,10,11,25,34",2
"2004-04-07T14:00:00.000Z","7,12,31,43,45",7
"2004-03-31T14:00:00.000Z","1,25,32,34,39",42
"2004-03-24T13:00:00.000Z","5,11,12,21,31",8
"2004-03-17T13:00:00.000Z","17,23,31,35,42",24
"2004-03-10T13:00:00.000Z","1,4,22,25,37",27
"2004-03-03T13:00:00.000Z","5,11,24,28,40",22
"2004-02-25T13:00:00.000Z","6,19,26,30,40",23
"2004-02-18T13:00:00.000Z","7,11,19,38,44",32
"2004-02-11T13:00:00.000Z","3,6,7,24,38",30
"2004-02-04T13:00:00.000Z","1,18,19,31,33",19
"2004-01-28T13:00:00.000Z","5,6,12,34,45",19
"2004-01-21T13:00:00.000Z","4,24,33,34,45",36
"2004-01-14T13:00:00.000Z","6,9,17,23,40",28
"2004-01-07T13:00:00.000Z","26,27,34,38,42",8
"2003-12-31T13:00:00.000Z","1,18,33,36,45",42
"2003-12-24T13:00:00.000Z","3,10,18,24,30",9
"2003-12-17T13:00:00.000Z","3,22,30,36,40",12
"2003-12-10T13:00:00.000Z","2,19,22,27,36",29
"2003-12-03T13:00:00.000Z","12,19,31,39,42",43
"2003-11-26T13:00:00.000Z","26,35,40,42,43",37
"2003-11-19T13:00:00.000Z","4,12,16,26,35",22
"2003-11-12T13:00:00.000Z","19,20,29,34,35",5
"2003-11-05T13:00:00.000Z","8,36,39,44,45",15
"2003-10-29T13:00:00.000Z","3,11,19,28,35",45
"2003-10-22T14:00:00.000Z","21,26,29,38,43",4
"2003-10-15T14:00:00.000Z","2,12,18,26,42",12
"2003-10-08T14:00:00.000Z","6,11,34,37,38",16
"2003-10-01T14:00:00.000Z","1,24,30,44,45",13
"2003-09-24T14:00:00.000Z","2,14,26,31,33",44
"2003-09-17T14:00:00.000Z","19,27,29,39,44",41
"2003-09-10T14:00:00.000Z","11,23,25,34,42",10
"2003-09-03T14:00:00.000Z","3,5,12,35,45",42
"2003-08-27T14:00:00.000Z","5,9,12,13,27",42
"2003-08-20T14:00:00.000Z","17,24,26,34,45",36
"2003-08-13T14:00:00.000Z","24,30,34,36,42",15
"2003-08-06T14:00:00.000Z","4,11,13,32,44",17
"2003-07-30T14:00:00.000Z","2,24,25,35,39",36
"2003-07-23T14:00:00.000Z","12,17,18,20,33",19
"2003-07-16T14:00:00.000Z","9,16,24,25,34",11
"2003-07-09T14:00:00.000Z","5,16,17,18,22",17
"2003-07-02T14:00:00.000Z","2,4,8,24,32",12
"2003-06-25T14:00:00.000Z","6,7,14,31,33",28
"2003-06-18T14:00:00.000Z","5,6,16,31,35",38
"2003-06-11T14:00:00.000Z","2,4,8,36,43",29
"2003-06-04T14:00:00.000Z","1,5,9,25,29",31
"2003-05-28T14:00:00.000Z","7,9,10,29,38",42
"2003-05-21T14:00:00.000Z","3,34,37,40,41",18
"2003-05-14T14:00:00.000Z","4,8,21,33,36",26
"2003-05-07T14:00:00.000Z","5,9,19,22,26",7
"2003-04-30T14:00:00.000Z","15,24,25,31,38",38
"2003-04-23T14:00:00.000Z","13,17,23,33,38",26
"2003-04-16T14:00:00.000Z","3,9,21,29,39",4
"2003-04-09T14:00:00.000Z","4,6,21,23,44",32
"2003-04-02T14:00:00.000Z","1,11,16,41,42",39
"2003-03-26T13:00:00.000Z","1,13,14,22,44",18
"2003-03-19T13:00:00.000Z","12,14,40,41,43",24
"2003-03-12T13:00:00.000Z","4,18,29,30,35",4
"2003-03-05T13:00:00.000Z","8,24,37,38,45",11
"2003-02-26T13:00:00.000Z","1,6,12,15,39",28
"2003-02-19T13:00:00.000Z","4,21,24,26,38",18
"2003-02-12T13:00:00.000Z","4,5,10,30,39",25
"2003-02-05T13:00:00.000Z","1,23,28,35,42",40
"2003-01-29T13:00:00.000Z","3,23,30,31,40",18
"2003-01-22T13:00:00.000Z","10,11,19,39,45",8
"2003-01-15T13:00:00.000Z","10,23,35,38,45",19
"2003-01-08T13:00:00.000Z","13,15,20,24,41",32
"2003-01-01T13:00:00.000Z","9,12,28,31,43",6
"2002-12-25T13:00:00.000Z","5,8,9,10,26",2
"2002-12-18T13:00:00.000Z","8,28,34,39,42",1
"2002-12-11T13:00:00.000Z","6,7,10,27,40",40
"2002-12-04T13:00:00.000Z","12,16,25,29,37",22
"2002-11-27T13:00:00.000Z","6,11,22,23,35",42
"2002-11-20T13:00:00.000Z","14,21,40,41,44",16
"2002-11-13T13:00:00.000Z","1,30,32,33,36",31
"2002-11-06T13:00:00.000Z","8,30,33,35,36",1
"2002-10-30T13:00:00.000Z","7,14,16,19,45",24
"2002-10-23T14:00:00.000Z","5,21,25,33,45",22
"2002-10-16T14:00:00.000Z","4,5,11,27,28",16
"2002-10-09T14:00:00.000Z","8,19,28,29,45",22
"2002-10-02T14:00:00.000Z","1,4,18,23,32",35
"2002-09-25T14:00:00.000Z","6,24,27,38,41",35
"2002-09-18T14:00:00.000Z","1,25,34,37,41",40
"2002-09-11T14:00:00.000Z","8,22,26,27,32",32
"2002-09-04T14:00:00.000Z","8,12,26,39,41",18
"2002-08-28T14:00:00.000Z","3,9,21,29,45",11
"2002-08-21T14:00:00.000Z","16,18,29,36,39",33
"2002-08-14T14:00:00.000Z","6,15,32,36,41",26
"2002-08-07T14:00:00.000Z","3,14,16,21,42",3
"2002-07-31T14:00:00.000Z","2,13,14,23,31",31
"2002-07-24T14:00:00.000Z","33,34,38,39,41",20
"2002-07-17T14:00:00.000Z","12,36,37,40,45",19
"2002-07-10T14:00:00.000Z","20,26,27,34,41",26
"2002-07-03T14:00:00.000Z","10,11,21,36,43",21
"2002-06-26T14:00:00.000Z","8,12,20,42,45",1
"2002-06-19T14:00:00.000Z","10,16,23,24,33",16
"2002-06-12T14:00:00.000Z","9,15,21,22,44",9
"2002-06-05T14:00:00.000Z","3,6,30,32,42",37
"2002-05-29T14:00:00.000Z","9,15,34,42,45",4
"2002-05-22T14:00:00.000Z","12,17,18,19,32",11
"2002-05-15T14:00:00.000Z","3,8,13,15,28",40
"2002-05-08T14:00:00.000Z","14,23,36,41,43",39
"2002-05-01T14:00:00.000Z","5,18,20,24,45",28
"2002-04-24T14:00:00.000Z","5,18,27,31,42",25
"2002-04-17T14:00:00.000Z","7,18,20,31,34",19
"2002-04-10T14:00:00.000Z","6,17,19,25,44",28
"2002-04-03T14:00:00.000Z","10,15,29,40,41",23
"2002-03-27T13:00:00.000Z","4,32,39,42,44",27
"2002-03-20T13:00:00.000Z","1,22,34,36,42",18
"2002-03-13T13:00:00.000Z","12,26,28,39,40",2
"2002-03-06T13:00:00.000Z","6,20,22,32,44",39
"2002-02-27T13:00:00.000Z","7,14,22,37,43",40
"2002-02-20T13:00:00.000Z","2,16,19,29,43",5
"2002-02-13T13:00:00.000Z","11,15,17,27,40",8
"2002-02-06T13:00:00.000Z","21,22,27,34,44",33
"2002-01-30T13:00:00.000Z","1,2,4,26,28",33
"2002-01-23T13:00:00.000Z","11,23,24,29,32",17
"2002-01-16T13:00:00.000Z","4,7,18,21,31",14
"2002-01-09T13:00:00.000Z","2,4,13,24,44",15
"2002-01-02T13:00:00.000Z","3,6,15,35,43",19
"2001-12-26T13:00:00.000Z","2,23,36,38,40",14
"2001-12-19T13:00:00.000Z","2,6,15,22,30",4
"2001-12-12T13:00:00.000Z","7,18,27,28,38",32
"2001-12-05T13:00:00.000Z","1,14,29,30,33",43
"2001-11-28T13:00:00.000Z","6,9,15,27,37",35
"2001-11-21T13:00:00.000Z","2,4,21,24,28",23
"2001-11-14T13:00:00.000Z","4,13,16,22,26",11
"2001-11-07T13:00:00.000Z","3,8,13,33,37",26
"2001-10-31T13:00:00.000Z","2,5,20,21,38",40
"2001-10-24T14:00:00.000Z","3,14,18,23,30",28
"2001-10-17T14:00:00.000Z","1,2,7,10,14",44
"2001-10-10T14:00:00.000Z","12,19,21,25,44",19
"2001-10-03T14:00:00.000Z","7,9,28,36,38",32
"2001-09-26T14:00:00.000Z","6,13,20,34,45",33
"2001-09-19T14:00:00.000Z","3,5,38,41,45",28
"2001-09-12T14:00:00.000Z","8,9,13,23,25",35
"2001-09-05T14:00:00.000Z","4,10,21,24,42",7
"2001-08-29T14:00:00.000Z","6,19,27,42,44",26
"2001-08-22T14:00:00.000Z","13,26,29,31,36",28
"2001-08-15T14:00:00.000Z","5,8,29,41,43",45
"2001-08-08T14:00:00.000Z","1,15,16,21,41",6
"2001-08-01T14:00:00.000Z","4,16,23,25,26",36
"2001-07-25T14:00:00.000Z","11,12,25,30,37",30
"2001-07-18T14:00:00.000Z","4,13,25,28,37",29
"2001-07-11T14:00:00.000Z","35,36,37,40,43",15
"2001-07-04T14:00:00.000Z","15,26,43,44,45",15
"2001-06-27T14:00:00.000Z","2,13,23,24,35",15
"2001-06-20T14:00:00.000Z","6,14,22,37,42",4
"2001-06-13T14:00:00.000Z","3,16,24,26,40",19
"2001-06-06T14:00:00.000Z","3,27,32,40,41",22
"2001-05-30T14:00:00.000Z","5,10,13,14,44",19
"2001-05-23T14:00:00.000Z","11,19,20,22,23",45
"2001-05-16T14:00:00.000Z","1,5,6,25,34",15
"2001-05-09T14:00:00.000Z","7,13,18,40,42",7
"2001-05-02T14:00:00.000Z","10,11,28,32,37",3
"2001-04-25T14:00:00.000Z","6,19,26,34,40",16
"2001-04-18T14:00:00.000Z","29,30,31,37,41",19
"2001-04-11T14:00:00.000Z","19,24,33,35,41",9
"2001-04-04T14:00:00.000Z","2,13,17,22,33",37
"2001-03-28T14:00:00.000Z","8,11,25,33,45",40
"2001-03-21T13:00:00.000Z","3,13,16,26,40",16
"2001-03-14T13:00:00.000Z","5,19,33,37,41",34
"2001-03-07T13:00:00.000Z","3,4,6,19,35",20
"2001-02-28T13:00:00.000Z","4,8,19,24,45",34
"2001-02-21T13:00:00.000Z","3,8,16,19,43",26
"2001-02-14T13:00:00.000Z","15,16,19,27,36",24
"2001-02-07T13:00:00.000Z","9,12,36,39,42",18
"2001-01-31T13:00:00.000Z","1,7,34,37,44",15
"2001-01-24T13:00:00.000Z","3,6,8,13,27",19
"2001-01-17T13:00:00.000Z","9,16,23,29,31",44
"2001-01-10T13:00:00.000Z","5,24,25,27,34",27
"2001-01-03T13:00:00.000Z","13,25,31,36,37",44
"2000-12-27T13:00:00.000Z","5,25,33,38,45",21
"2000-12-20T13:00:00.000Z","17,21,30,42,43",20
"2000-12-13T13:00:00.000Z","6,21,24,26,39",28
"2000-12-06T13:00:00.000Z","10,22,23,34,43",18
"2000-11-29T13:00:00.000Z","1,13,19,37,43",6
"2000-11-22T13:00:00.000Z","4,8,15,32,38",10
"2000-11-15T13:00:00.000Z","1,29,36,38,42",37
"2000-11-08T13:00:00.000Z","7,12,13,25,40",30
"2000-11-01T13:00:00.000Z","9,13,19,36,37",41
"2000-10-25T13:00:00.000Z","2,30,35,40,41",24
"2000-10-18T13:00:00.000Z","16,24,28,29,31",33
"2000-10-11T13:00:00.000Z","8,12,14,24,38",44
"2000-10-04T13:00:00.000Z","3,15,18,33,39",45
"2000-09-27T13:00:00.000Z","9,12,30,44,45",33
"2000-09-20T13:00:00.000Z","21,23,25,27,33",41
"2000-09-13T13:00:00.000Z","1,11,15,24,45",17
"2000-09-06T13:00:00.000Z","1,24,33,43,44",30
"2000-08-30T13:00:00.000Z","10,15,26,37,40",34
"2000-08-23T14:00:00.000Z","2,11,15,30,43",30
"2000-08-16T14:00:00.000Z","2,15,26,29,41",10
"2000-08-09T14:00:00.000Z","2,11,15,21,27",35
"2000-08-02T14:00:00.000Z","13,17,32,33,38",40
"2000-07-26T14:00:00.000Z","7,16,25,27,44",15
"2000-07-19T14:00:00.000Z","18,23,25,38,39",10
"2000-07-12T14:00:00.000Z","13,17,29,34,38",4
"2000-07-05T14:00:00.000Z","3,11,17,22,27",4
"2000-06-28T14:00:00.000Z","3,9,21,24,30",27
"2000-06-21T14:00:00.000Z","14,21,35,43,44",38
"2000-06-14T14:00:00.000Z","13,15,39,40,45",26
"2000-06-07T14:00:00.000Z","5,13,20,26,31",2
"2000-05-31T14:00:00.000Z","12,20,34,39,45",34
"2000-05-24T14:00:00.000Z","7,17,20,24,26",31
"2000-05-17T14:00:00.000Z","1,2,23,30,44",12
"2000-05-10T14:00:00.000Z","10,17,19,21,37",2
"2000-05-03T14:00:00.000Z","3,21,34,35,38",30
"2000-04-26T14:00:00.000Z","22,33,37,39,45",7
"2000-04-19T14:00:00.000Z","1,14,15,20,25",3
"2000-04-12T14:00:00.000Z","5,13,23,31,44",45
"2000-04-05T14:00:00.000Z","14,17,25,27,38",40
"2000-03-29T14:00:00.000Z","4,28,30,33,42",17
"2000-03-22T13:00:00.000Z","8,17,18,26,29",20
"2000-03-15T13:00:00.000Z","3,6,16,29,44",32
"2000-03-08T13:00:00.000Z","8,13,32,39,45",26
"2000-03-01T13:00:00.000Z","3,11,13,19,38",35
"2000-02-23T13:00:00.000Z","6,26,28,42,44",8
"2000-02-16T13:00:00.000Z","5,9,12,40,45",10
"2000-02-09T13:00:00.000Z","12,14,17,24,39",36
"2000-02-02T13:00:00.000Z","8,16,17,27,29",2
"2000-01-26T13:00:00.000Z","7,15,17,23,40",28
"2000-01-19T13:00:00.000Z","4,7,10,25,36",5
"2000-01-12T13:00:00.000Z","15,19,24,28,39",15
"2000-01-05T13:00:00.000Z","2,7,8,27,45",16
"1999-12-29T13:00:00.000Z","23,26,37,41,44",33
"1999-12-22T13:00:00.000Z","25,35,37,41,45",45
"1999-12-15T13:00:00.000Z","1,14,15,17,43",18
"1999-12-08T13:00:00.000Z","13,31,33,35,45",31
"1999-12-01T13:00:00.000Z","8,20,30,36,39",39
"1999-11-24T13:00:00.000Z","3,8,15,29,31",31
"1999-11-17T13:00:00.000Z","5,9,33,35,38",29
"1999-11-10T13:00:00.000Z","12,15,17,22,24",26
"1999-11-03T13:00:00.000Z","4,17,27,28,29",43
"1999-10-27T14:00:00.000Z","16,18,23,34,35",13
"1999-10-20T14:00:00.000Z","5,16,17,32,33",27
"1999-10-13T14:00:00.000Z","7,18,22,26,35",11
"1999-10-06T14:00:00.000Z","11,19,22,30,32",19
"1999-09-29T14:00:00.000Z","5,14,16,20,29",45
"1999-09-22T14:00:00.000Z","19,20,26,39,45",18
"1999-09-15T14:00:00.000Z","5,7,16,18,43",6
"1999-09-08T14:00:00.000Z","4,19,22,33,40",28
"1999-09-01T14:00:00.000Z","2,3,37,41,44",11
"1999-08-25T14:00:00.000Z","16,31,39,43,44",40
"1999-08-18T14:00:00.000Z","11,23,35,39,45",4
"1999-08-11T14:00:00.000Z","12,17,20,30,41",37
"1999-08-04T14:00:00.000Z","14,15,23,24,25",3
"1999-07-28T14:00:00.000Z","2,13,16,17,34",31
"1999-07-21T14:00:00.000Z","26,29,30,44,45",45
"1999-07-14T14:00:00.000Z","7,27,32,33,35",26
"1999-07-07T14:00:00.000Z","2,12,19,22,28",43
"1999-06-30T14:00:00.000Z","12,16,20,23,30",16
"1999-06-23T14:00:00.000Z","2,10,27,28,38",20
"1999-06-16T14:00:00.000Z","5,15,39,40,43",20
"1999-06-09T14:00:00.000Z","2,7,12,20,41",13
"1999-06-02T14:00:00.000Z","5,8,12,33,45",14
"1999-05-26T14:00:00.000Z","1,9,23,25,41",23
"1999-05-19T14:00:00.000Z","2,33,37,39,43",3
"1999-05-12T14:00:00.000Z","9,10,33,34,45",6
"1999-05-05T14:00:00.000Z","12,18,23,24,25",39
"1999-04-28T14:00:00.000Z","1,15,18,28,34",45
"1999-04-21T14:00:00.000Z","7,18,26,31,41",6
"1999-04-14T14:00:00.000Z","2,6,9,10,29",2
"1999-04-07T14:00:00.000Z","6,20,23,28,37",44
"1999-03-31T14:00:00.000Z","7,18,27,37,44",39
"1999-03-24T13:00:00.000Z","6,9,13,16,44",42
"1999-03-17T13:00:00.000Z","34,38,39,41,43",29
"1999-03-10T13:00:00.000Z","8,11,21,35,40",24
"1999-03-03T13:00:00.000Z","4,9,14,35,41",6
"1999-02-24T13:00:00.000Z","8,16,17,18,33",39
"1999-02-17T13:00:00.000Z","7,13,22,43,45",33
"1999-02-10T13:00:00.000Z","11,17,23,34,40",26
"1999-02-03T13:00:00.000Z","18,25,29,35,42",12
"1999-01-27T13:00:00.000Z","3,4,15,33,41",44
"1999-01-20T13:00:00.000Z","5,18,20,24,41",24
"1999-01-13T13:00:00.000Z","1,16,26,32,39",26
"1999-01-06T13:00:00.000Z","1,4,18,28,40",6
"1998-12-30T13:00:00.000Z","4,19,27,31,41",39
"1998-12-23T13:00:00.000Z","8,20,27,39,40",4
"1998-12-16T13:00:00.000Z","7,12,36,37,45",13
"1998-12-09T13:00:00.000Z","4,7,12,20,31",41
"1998-12-02T13:00:00.000Z","10,22,25,29,41",38
"1998-11-25T13:00:00.000Z","11,15,24,25,28",33
"1998-11-18T13:00:00.000Z","7,10,12,20,42",18
"1998-11-11T13:00:00.000Z","8,18,20,31,38",19
"1998-11-04T13:00:00.000Z","5,15,35,38,39",12
"1998-10-28T13:00:00.000Z","10,25,33,34,42",33
"1998-10-21T14:00:00.000Z","7,17,32,40,45",44
"1998-10-14T14:00:00.000Z","12,22,28,35,44",42
"1998-10-07T14:00:00.000Z","3,10,19,24,37",5
"1998-09-30T14:00:00.000Z","4,11,16,30,36",38
"1998-09-23T14:00:00.000Z","1,14,15,17,34",14
"1998-09-16T14:00:00.000Z","25,33,34,37,38",1
"1998-09-09T14:00:00.000Z","1,14,19,20,32",18
"1998-09-02T14:00:00.000Z","6,7,22,31,41",10
"1998-08-26T14:00:00.000Z","16,19,28,31,41",45
"1998-08-19T14:00:00.000Z","11,16,17,42,45",14
"1998-08-12T14:00:00.000Z","15,17,20,27,28",4
"1998-08-05T14:00:00.000Z","5,24,26,27,39",28
"1998-07-29T14:00:00.000Z","3,11,20,27,37",34
"1998-07-22T14:00:00.000Z","14,17,21,32,42",24
"1998-07-15T14:00:00.000Z","20,22,33,37,44",18
"1998-07-08T14:00:00.000Z","5,20,21,27,41",38
"1998-07-01T14:00:00.000Z","8,14,26,33,35",15
"1998-06-24T14:00:00.000Z","4,8,29,40,41",37
"1998-06-17T14:00:00.000Z","9,11,19,31,38",39
"1998-06-10T14:00:00.000Z","3,24,28,30,44",25
"1998-06-03T14:00:00.000Z","14,28,31,32,44",31
"1998-05-27T14:00:00.000Z","11,25,37,38,41",20
"1998-05-20T14:00:00.000Z","3,4,10,22,33",45
"1998-05-13T14:00:00.000Z","1,5,24,27,29",34
"1998-05-06T14:00:00.000Z","9,10,28,41,42",27
"1998-04-29T14:00:00.000Z","11,22,32,34,42",21
"1998-04-22T14:00:00.000Z","2,3,9,27,35",3
"1998-04-15T14:00:00.000Z","9,21,28,38,44",32
"1998-04-08T14:00:00.000Z","19,21,22,25,31",20
"1998-04-01T14:00:00.000Z","2,8,17,38,42",25
"1998-03-25T13:00:00.000Z","7,18,19,25,31",31
"1998-03-18T13:00:00.000Z","4,9,12,32,40",1
"1998-03-11T13:00:00.000Z","8,20,28,34,39",1
"1998-03-04T13:00:00.000Z","9,14,16,17,19",23
"1998-02-25T13:00:00.000Z","12,21,22,29,45",24
"1998-02-18T13:00:00.000Z","9,10,14,20,39",18
"1998-02-11T13:00:00.000Z","9,17,19,20,39",44
"1998-02-04T13:00:00.000Z","6,12,16,21,26",32
"1998-01-28T13:00:00.000Z","2,12,13,28,43",26
"1998-01-21T13:00:00.000Z","5,11,12,34,40",7
"1998-01-14T13:00:00.000Z","4,13,15,21,30",10
"1998-01-07T13:00:00.000Z","2,15,16,31,32",26
"1997-12-31T13:00:00.000Z","8,11,15,19,20",43
"1997-12-24T13:00:00.000Z","7,15,22,35,40",45
"1997-12-17T13:00:00.000Z","10,16,17,22,32",43
"1997-12-10T13:00:00.000Z","3,10,14,23,44",7
"1997-12-03T13:00:00.000Z","3,5,12,31,44",29
"1997-11-26T13:00:00.000Z","4,5,7,22,41",24
"1997-11-19T13:00:00.000Z","9,27,35,37,43",3
"1997-11-12T13:00:00.000Z","5,13,15,19,33",11
"1997-11-05T13:00:00.000Z","2,3,4,32,39",44
"1997-10-29T13:00:00.000Z","8,10,20,22,28",43
"1997-10-22T14:00:00.000Z","7,12,39,41,45",34
"1997-10-15T14:00:00.000Z","1,15,22,38,45",38
"1997-10-08T14:00:00.000Z","6,14,15,18,23",25
"1997-10-01T14:00:00.000Z","8,14,35,37,39",32
"1997-09-24T14:00:00.000Z","13,18,21,31,38",30
"1997-09-17T14:00:00.000Z","22,29,30,33,45",10
"1997-09-10T14:00:00.000Z","7,9,30,33,43",8
"1997-09-03T14:00:00.000Z","1,2,12,35,39",40
"1997-08-27T14:00:00.000Z","5,6,29,36,37",12
"1997-08-20T14:00:00.000Z","7,14,16,36,41",29
"1997-08-13T14:00:00.000Z","2,5,7,36,38",27
"1997-08-06T14:00:00.000Z","2,35,36,37,38",39
"1997-07-30T14:00:00.000Z","7,12,25,37,40",22
"1997-07-23T14:00:00.000Z","10,13,19,23,25",22
"1997-07-16T14:00:00.000Z","16,21,38,40,43",33
"1997-07-09T14:00:00.000Z","20,21,26,28,36",19
"1997-07-02T14:00:00.000Z","21,22,24,30,42",31
"1997-06-25T14:00:00.000Z","5,12,23,27,36",4
"1997-06-18T14:00:00.000Z","4,13,25,28,36",27
"1997-06-11T14:00:00.000Z","1,4,5,34,45",21
"1997-06-04T14:00:00.000Z","23,24,27,39,44",11
"1997-05-28T14:00:00.000Z","3,8,10,14,26",37
"1997-05-21T14:00:00.000Z","4,5,7,25,34",32
"1997-05-14T14:00:00.000Z","9,18,21,29,32",10
"1997-05-07T14:00:00.000Z","2,17,22,41,45",18
"1997-04-30T14:00:00.000Z","12,19,29,39,44",17
"1997-04-23T14:00:00.000Z","18,33,35,38,39",24
"1997-04-16T14:00:00.000Z","3,5,23,29,38",8
"1997-04-09T14:00:00.000Z","11,14,17,26,44",1
"1997-04-02T14:00:00.000Z","7,8,10,32,43",38
"1997-03-26T13:00:00.000Z","9,15,29,35,37",43
"1997-03-19T13:00:00.000Z","14,20,24,28,29",42
"1997-03-12T13:00:00.000Z","13,17,20,26,42",8
"1997-03-05T13:00:00.000Z","1,11,28,34,38",27
"1997-02-26T13:00:00.000Z","20,21,32,33,40",24
"1997-02-19T13:00:00.000Z","9,20,24,40,43",33
"1997-02-12T13:00:00.000Z","6,15,17,39,43",5
"1997-02-05T13:00:00.000Z","6,10,19,25,29",31
"1997-01-29T13:00:00.000Z","3,5,13,19,33",23
"1997-01-22T13:00:00.000Z","7,18,21,27,37",1
"1997-01-15T13:00:00.000Z","1,5,17,28,39",30
"1997-01-08T13:00:00.000Z","7,22,39,41,43",38
"1997-01-01T13:00:00.000Z","1,11,16,22,24",26
"1996-12-25T13:00:00.000Z","5,8,15,19,24",3
"1996-12-18T13:00:00.000Z","6,10,12,22,27",38
"1996-12-11T13:00:00.000Z","2,8,13,22,35",42
"1996-12-04T13:00:00.000Z","5,6,17,20,30",13
"1996-11-27T13:00:00.000Z","5,20,24,30,36",19
"1996-11-20T13:00:00.000Z","2,18,24,27,42",12
"1996-11-13T13:00:00.000Z","3,10,30,42,43",12
"1996-11-06T13:00:00.000Z","4,19,21,23,36",23
"1996-10-30T13:00:00.000Z","4,5,19,42,45",26
"1996-10-23T14:00:00.000Z","15,24,26,34,43",7
"1996-10-16T14:00:00.000Z","6,9,17,23,28",45
"1996-10-09T14:00:00.000Z","6,10,15,18,35",16
"1996-10-02T14:00:00.000Z","9,14,26,35,45",36
"1996-09-25T14:00:00.000Z","2,15,26,36,45",17
"1996-09-18T14:00:00.000Z","9,18,21,29,30",34
"1996-09-11T14:00:00.000Z","3,6,8,27,45",33
"1996-09-04T14:00:00.000Z","6,16,22,29,41",35
"1996-08-28T14:00:00.000Z","5,8,11,20,31",4
"1996-08-21T14:00:00.000Z","5,8,9,24,42",4
"1996-08-14T14:00:00.000Z","7,14,22,33,42",17
"1996-08-07T14:00:00.000Z","22,25,36,41,44",7
"1996-07-31T14:00:00.000Z","2,19,25,30,36",32
"1996-07-24T14:00:00.000Z","4,9,11,23,43",24
"1996-07-17T14:00:00.000Z","9,12,14,23,43",2
"1996-07-10T14:00:00.000Z","14,26,28,38,40",29
"1996-07-03T14:00:00.000Z","3,7,12,16,34",1
"1996-06-26T14:00:00.000Z","1,3,10,35,41",45
"1996-06-19T14:00:00.000Z","3,15,30,33,39",39
"1996-06-12T14:00:00.000Z","25,37,40,42,43",17
"1996-06-05T14:00:00.000Z","4,32,33,36,40",44
"1996-05-29T14:00:00.000Z","6,8,15,23,44",5
"1996-05-22T14:00:00.000Z","2,8,27,30,42",3
